0,纸短情长,https://news.sina.com.cn/gov/xlxw/2019-02-19/doc-ihqfskcp6555009.shtml
1,今天 我们这样诠释习近平三年前的一篇重要讲话,https://news.sina.com.cn/gov/xlxw/2019-02-19/doc-ihqfskcp6516183.shtml
2,《粤港澳大湾区发展规划纲要》印发,https://news.sina.com.cn/c/2019-02-18/doc-ihqfskcp6348944.shtml
3,涉金融等多领域,http://finance.sina.com.cn/zt_d/ygad/
4,葛树芹:向阳花开总是春,https://news.sina.com.cn/c/2019-02-19/doc-ihrfqzka7115310.shtml
5,袁玉宇:让建议更接地气更管用,https://news.sina.com.cn/o/2019-02-19/doc-ihrfqzka7098109.shtml
6,刘鹤应邀赴美磋商,https://news.sina.com.cn/c/2019-02-19/doc-ihqfskcp6477864.shtml
7,罕见使用这一身份, https://news.sina.com.cn/c/2019-02-19/doc-ihrfqzka7113858.shtml 
8,有三个不同寻常,https://news.sina.com.cn/c/2019-02-19/doc-ihrfqzka7164405.shtml
9,王毅徒步巡查“共和国1号碑” 为“中国”两字描红,https://news.sina.com.cn/c/2019-02-18/doc-ihrfqzka6994735.shtml
10,历史性的一天 南海边又画了一个“圈”有何深意,https://news.sina.com.cn/c/2019-02-19/doc-ihqfskcp6491030.shtml
11,中国未来双层高铁动车曝光：时速350km没问题(图),https://news.sina.com.cn/c/2019-02-19/doc-ihqfskcp6386099.shtml
0,纸短情长,https://news.sina.com.cn/gov/xlxw/2019-02-19/doc-ihqfskcp6555009.shtml
1,今天 我们这样诠释习近平三年前的一篇重要讲话,https://news.sina.com.cn/gov/xlxw/2019-02-19/doc-ihqfskcp6516183.shtml
2,《粤港澳大湾区发展规划纲要》印发,https://news.sina.com.cn/c/2019-02-18/doc-ihqfskcp6348944.shtml
3,涉金融等多领域,http://finance.sina.com.cn/zt_d/ygad/
4,葛树芹:向阳花开总是春,https://news.sina.com.cn/c/2019-02-19/doc-ihrfqzka7115310.shtml
5,袁玉宇:让建议更接地气更管用,https://news.sina.com.cn/o/2019-02-19/doc-ihrfqzka7098109.shtml
6,刘鹤应邀赴美磋商,https://news.sina.com.cn/c/2019-02-19/doc-ihqfskcp6477864.shtml
7,罕见使用这一身份, https://news.sina.com.cn/c/2019-02-19/doc-ihrfqzka7113858.shtml 
8,有三个不同寻常,https://news.sina.com.cn/c/2019-02-19/doc-ihrfqzka7164405.shtml
9,王毅徒步巡查“共和国1号碑” 为“中国”两字描红,https://news.sina.com.cn/c/2019-02-18/doc-ihrfqzka6994735.shtml
10,历史性的一天 南海边又画了一个“圈”有何深意,https://news.sina.com.cn/c/2019-02-19/doc-ihqfskcp6491030.shtml
11,中国未来双层高铁动车曝光：时速350km没问题(图),https://news.sina.com.cn/c/2019-02-19/doc-ihqfskcp6386099.shtml
0,纸短情长,https://news.sina.com.cn/gov/xlxw/2019-02-19/doc-ihqfskcp6555009.shtml
1,今天 我们这样诠释习近平三年前的一篇重要讲话,https://news.sina.com.cn/gov/xlxw/2019-02-19/doc-ihqfskcp6516183.shtml
2,《粤港澳大湾区发展规划纲要》印发,https://news.sina.com.cn/c/2019-02-18/doc-ihqfskcp6348944.shtml
3,涉金融等多领域,http://finance.sina.com.cn/zt_d/ygad/
4,葛树芹:向阳花开总是春,https://news.sina.com.cn/c/2019-02-19/doc-ihrfqzka7115310.shtml
5,袁玉宇:让建议更接地气更管用,https://news.sina.com.cn/o/2019-02-19/doc-ihrfqzka7098109.shtml
6,刘鹤应邀赴美磋商,https://news.sina.com.cn/c/2019-02-19/doc-ihqfskcp6477864.shtml
7,罕见使用这一身份, https://news.sina.com.cn/c/2019-02-19/doc-ihrfqzka7113858.shtml 
8,有三个不同寻常,https://news.sina.com.cn/c/2019-02-19/doc-ihrfqzka7164405.shtml
9,王毅徒步巡查“共和国1号碑” 为“中国”两字描红,https://news.sina.com.cn/c/2019-02-18/doc-ihrfqzka6994735.shtml
10,历史性的一天 南海边又画了一个“圈”有何深意,https://news.sina.com.cn/c/2019-02-19/doc-ihqfskcp6491030.shtml
11,中国未来双层高铁动车曝光：时速350km没问题(图),https://news.sina.com.cn/c/2019-02-19/doc-ihqfskcp6386099.shtml
